2019年 北京汽车 销量,3 4 3
2016年 河北省 全国中小学 全员 远程培训,2 3 1 1 3
2012年 2.5g 凯美瑞,3 3 4
1991年 4月27日 的 羊 和 什么样 的 女孩子 最配 了,1 2 0 3 0 1 0 2 1 0
0857 r,7 3
360 卫士 最新 版本 下载,4 3 1 1 2
245/45/20 轮胎 排名,6 2 2
192 . 168 . 5 . 137 : 9606 swagger - ui . html # / 邮件 模板 / detail using get _ 2,1 0 1 0 1 0 1 0 1 1 0 1 0 1 0 0 1 0 0 1 1 1 0 0
65式 校靶 镜 23-50,3 2 2 3
40 多 岁 的 男人 , 有 依赖性 人格障碍 ,,1 1 0 0 3 0 1 2 3 0
1 ` qaz ! ` 1 qre to iu,1 0 3 1 0 1 2 1 1
高考 总复习 快乐 高考,2 3 1 2
高冷 独特 的 游戏名字,2 2 0 3
颈腰康胶囊 的 功效 和 作用,3 0 2 0 2
音响 可以 托运 吗,3 1 2 0
青蛙看书 表情包,3 2
雄鹿 对 爵士 数据,3 2 3 2
除法 求导,3 2
陈鲁豫 为何 不能 生育,3 1 1 2
陈平江婉 小说 最新章节,3 1 3
银耳红枣桂圆枸杞汤 的 功效 与 禁忌,3 0 2 0 2
钟声文章 啥 意思,3 1 1
邪御天娇 免费 阅读,3 1 1
逸 的 拼音,3 0 2
进产房 需要 带 什么 进去,3 1 2 1 1
辐射4 问题解决者,3 2
赤峰房价 最新 消息 降价,3 1 1 2
读秀 论文 怎么 下载,3 3 1 2
语文 教案,2 3
裤子 包 不 到 脚踝,3 2 1 0 2
蒸鱼 要 多长 时间,3 0 1 1
蒲公英 靠什么 传播种子,3 1 2
萝 / 视频在线,3 0 3
苹果 xs 和 苹果 11,2 3 0 2 3
花生 怎么 快速 去皮,3 1 1 2
艾米丽 的 英文,3 0 3
腐书网 2018,3 2
能 体现 幸福感的图片,1 1 3
聊天话术 大全,3 2
老人 久咳不愈 吃什么 药,3 2 1 2
网赌 哪个 平台 靠谱,3 1 2 2
红灯 时 可以 掉头 吗,3 0 1 3 0
紫草 掉 不掉色,3 2 2
系红裤带的女人 剧情 文字,3 2 1
福建 选调生 待遇 收入,2 3 2 2
祢豆子 电影,3 1
知否知否 名句,3 2
真爱 你的男人 会 冷战 吗,2 3 1 3 0
盆景 图片大全 欣赏,3 2 1
白居易 是 边塞诗人 吗,3 0 2 0
电影 《 渡江侦察记,1 0 3
生男生女 查询,3 1
狼人杀 魔术师,3 2
潍柴 p12 对 正时 视频,3 3 1 1 2
江苏银行 信用卡 封卡,3 3 2
步多多 下载,3 2
欢喜债 百度云,3 2
桃源 维回新村,2 3
李若彤 下嘴唇 白线,3 2 2
有限公司 和 有限责任公司 的 区别,3 0 3 0 2
有尿意 时 做爱 容易 高潮,2 2 3 1 2
月经期间 可以 吃橘子 吗,3 1 3 1
晋商 消费金融 还款 短信,2 3 2 2
昭通 男科医院,2 3
昆山 智能 掌上公交 系统,3 2 3 2
昆山 品硕 木门 有限公司,2 3 2 1
新车 购车 网,3 2 1
教育学 考研 成人 教育,3 2 2 2
摩纹手表 是 什么 档次,3 1 2 2
指甲 乌青 发紫 怎么回事,3 2 2 1
拿 刀 威胁 怎么 处理,1 2 3 1 2
批捕 了 能 通信 吗,3 0 1 2 0
扬声器 仅 显示 通知,3 1 1 1
手机 直播,2 3
户外运动 鞋 品牌 排行榜,3 3 2 2
我的世界 凋零 指令 代码,3 3 2 3
我对自己开了一枪 歌词 含义,3 2 3
怎样 引流,1 3
忙于工作 的 句子,3 0 3
张钧甯 朋友,3 2
开花店 培训 班 需要 多久,3 2 2 1 2
幼儿 辨别 上下左右 前后,3 2 2 2
平行四边形 的 面积公式,3 0 2
帕特影评 怎么 用,3 1 2
工作 文章 题目,2 3 3
岱山新闻网 / 蓬莱视频,3 0 2
属鼠 几月出生 最好,2 3 2
屋 拼音,3 2
小学 三年级 作文 写秋天,2 3 2 3
射 的 隶书 写法,3 0 3 2
字母 p 对应 的 学科分类,2 3 2 1 2
孕妇 做梦 梦见 很多 蛇,3 0 2 1 3
嫖妓 致 对方 死亡,3 2 2 3
大连 社保 中心,2 3 2
大连 旅顺 有线电视 客服 电话,1 2 3 2 3
大蒜 价格,3 1
在远方 全集 免费 观看,3 2 1 1
哺乳期能吃柿子 吗,3 1
咪咕视频 下载,3 1
吹鸡毛比赛 作文600字,3 2
吃瓜 女孩 咀嚼 表情包,2 3 2 3
吃 罗红霉素 能 喝酒 吗,1 3 1 3 2
古代 有 哪些 打胎药,3 1 1 3
双色球 基本 走势图 表 图,3 2 3 1 1
华为手机 最新 款,3 2 2
十宗罪小说 百度云,3 2
初二 历史 评语 怎么写,2 2 3 1
列车时刻表 查询,3 1
减糖 行动 手抄报,3 2 2
农行 手机银行,3 2
兵团 考试信息网,3 2
公主的战俘 评价,3 2
game 850游戏,4 6
ff14 52 级 特职 任务,3 1 1 3 2
exe 文件 解压密码,4 2 4
excel 透视 出现 故障,4 3 1 2
excel 制作日历 表格,4 5 1
dxsetup . exe 放在 哪,4 0 3 1 2
citrix present 无法 卸载,3 3 1 3
cctv5 在线观看 360 直播,4 2 3 1
cad2014 复制粘贴 很 卡,5 3 0 2
cad2010 注册机 6 i a8,4 3 1 1 1
cad 曲线 命令,4 3 3
cad model . stp,5 2 0 3
c260 价格,3 1
asp . net 虚拟主机,3 1 3 3
apple 售后服务 官网,5 3 2
an 卫视节目表,4 6
alina 怎么 读,3 1 1
ali 蛋糕 广告 片,5 2 2 1
ai 公共 原件,4 2 4
add ! to override,3 1 2 4
